<application>
  <component name="GeneralSettings">
    <option name="browserPath" value="D:\HuaweiBrowserDate\Huawei\Browser\HuaweiBrowser.exe" />
    <option name="confirmExit" value="false" />
    <option name="showTipsOnStartup" value="false" />
  </component>
  <component name="Registry">
    <entry key="ide.balloon.shadow.size" value="0" />
    <entry key="ide.images.show.chessboard" value="true" />
    <entry key="ide.experimental.ui" value="false" />
  </component>
  <component name="StatusBar">
    <option name="widgets">
      <map>
        <entry key="Memory" value="true" />
        <entry key="com.intellij.psi.codeStyle.statusbar.CodeStyleStatusBarWidget" value="false" />
        <entry key="git" value="false" />
      </map>
    </option>
  </component>
</application>