<application>
  <component name="MaterialThemeConfig">
    <option name="compactMenus" value="true" />
    <option name="compactStatusBar" value="true" />
    <option name="contrastMode" value="true" />
    <option name="compactSidebar" value="true" />
    <option name="isCompactMenus" value="true" />
    <option name="isCompactStatusBar" value="true" />
    <option name="isContrastMode" value="true" />
    <option name="isWizardShown" value="true" />
    <option name="pristineConfig" value="false" />
    <option name="customSidebarHeight" value="20" />
    <option name="settingsSelectedTab" value="2" />
    <option name="tabsHeight" value="19" />
    <option name="accentColor" value="009688" />
    <option name="userId" value="-7a8be65a:183795adda2:-8000" />
    <option name="version" value="7.5.4" />
  </component>
</application>