<application>
  <component name="neckProtector">
    <option name="imageSrcType" value="2" />
    <option name="remindType" value="0" />
    <option name="remindImageUrl" value="file:$APPLICATION_PLUGINS_DIR$/neck_protect_cache/bing/A661EDDDA7CEDE346780F5A6D0FAD9C6.jpg" />
    <option name="periodMinutes" value="45" />
    <option name="notifyTitle" value="休息时间到了^_^" />
    <option name="notifyContent" value="已经工作45分钟了，休息一下吧~~" />
  </component>
</application>