<application>
  <component name="AppStorage">
    <option name="newTranslationDialogCollapseDictViewer" value="false" />
    <option name="newTranslationDialogWidth" value="562" />
    <option name="newTranslationDialogX" value="1050" />
    <option name="newTranslationDialogY" value="433" />
    <histories>
      <item value="变量" />
      <item value="结合方式" />
      <item value="js与html结合方式" />
      <item value="js与html结合" />
      <item value="js与html" />
      <item value="js与" />
      <item value="js" />
      <item value="j" />
      <item value="archive" />
      <item value="arch" />
      <item value="ar" />
      <item value="属性&#10;" />
      <item value="预览" />
      <item value="t" />
      <item value="on save" />
      <item value="on" />
      <item value="beh" />
      <item value="behavior" />
      <item value="beha" />
      <item value="reload" />
      <item value="relo" />
      <item value="扩展选择器" />
      <item value="扩展" />
      <item value="基础选择器" />
      <item value="基础选择" />
      <item value="基础" />
      <item value="注册" />
      <item value="验证码" />
      <item value="验证" />
      <item value="注册页面" />
      <item value="省份" />
      <item value="s" />
      <item value="label" />
      <item value="woman" />
      <item value="表单" />
      <item value="bioa" />
      <item value="资源" />
      <item value="report" />
      <item value="repo" />
      <item value="td" />
      <item value="表格" />
      <item value="块标签" />
      <item value="块" />
      <item value="target" />
      <item value="链接标签" />
      <item value="链接" />
      <item value="列表标签" />
      <item value="列表" />
      <item value="io" />
      <item value="right" />
    </histories>
    <option name="languageScores">
      <map>
        <entry key="CHINESE" value="52" />
        <entry key="ENGLISH" value="52" />
        <entry key="SPANISH" value="1" />
      </map>
    </option>
  </component>
  <component name="Cache">
    <option name="lastTrimTime" value="1661741712235" />
  </component>
</application>