<application>
  <component name="AppStorage">
    <option name="newTranslationDialogCollapseDictViewer" value="false" />
    <option name="newTranslationDialogHeight" value="281" />
    <option name="newTranslationDialogWidth" value="554" />
    <option name="newTranslationDialogX" value="1050" />
    <option name="newTranslationDialogY" value="427" />
    <histories>
      <item value="结果" />
      <item value="Global" />
      <item value="对象" />
      <item value="Timezone Offset" />
      <item value="arguments" />
      <item value="trial expires" />
      <item value="trial ex" />
      <item value="trial" />
      <item value="tr" />
      <item value="乘法表" />
      <item value="乘法" />
      <item value="特殊语法" />
      <item value="特殊" />
      <item value="t" />
      <item value="比较" />
      <item value="b" />
      <item value="of" />
      <item value="type of " />
      <item value="type " />
      <item value="type" />
      <item value="变量" />
      <item value="结合方式" />
      <item value="js与html结合方式" />
      <item value="js与html结合" />
      <item value="js与html" />
      <item value="js与" />
      <item value="js" />
      <item value="j" />
      <item value="archive" />
      <item value="arch" />
      <item value="ar" />
      <item value="属性&#10;" />
      <item value="预览" />
      <item value="on save" />
      <item value="on" />
      <item value="beh" />
      <item value="behavior" />
      <item value="beha" />
      <item value="reload" />
      <item value="relo" />
      <item value="扩展选择器" />
      <item value="扩展" />
      <item value="基础选择器" />
      <item value="基础选择" />
      <item value="基础" />
      <item value="注册" />
      <item value="验证码" />
      <item value="验证" />
      <item value="注册页面" />
      <item value="省份" />
    </histories>
    <option name="languageScores">
      <map>
        <entry key="CHINESE" value="59" />
        <entry key="ENGLISH" value="58" />
        <entry key="SPANISH" value="1" />
      </map>
    </option>
  </component>
  <component name="Cache">
    <option name="lastTrimTime" value="1662174443309" />
  </component>
</application>