<application>
  <component name="AppStorage">
    <option name="newTranslationDialogCollapseDictViewer" value="false" />
    <option name="newTranslationDialogHeight" value="321" />
    <option name="newTranslationDialogWidth" value="756" />
    <option name="newTranslationDialogX" value="2072" />
    <option name="newTranslationDialogY" value="223" />
    <histories>
      <item value="入门" />
      <item value="入门·" />
      <item value="电话" />
      <item value="Element" />
      <item value="x" />
      <item value="unit of measure is redundant" />
      <item value="unit of measure is " />
      <item value="unit of measure " />
      <item value="unit of measu" />
      <item value="unit of " />
      <item value="unit " />
      <item value="常见事件" />
      <item value="常见" />
      <item value="common event" />
      <item value="commonevent" />
      <item value="common e" />
      <item value="common" />
      <item value="co" />
      <item value="事件" />
      <item value="even" />
      <item value="ev" />
      <item value="g" />
      <item value="Featured" />
      <item value="精选" />
      <item value="间距" />
      <item value="顶部间距" />
      <item value="顶部" />
      <item value="gridsystem" />
      <item value="gri" />
      <item value="banner" />
      <item value="插件" />
      <item value="Pagination" />
      <item value="分页" />
      <item value="f分页" />
      <item value="f" />
      <item value="fen" />
      <item value="组件_导航条" />
      <item value="组件_导航" />
      <item value="组件_" />
      <item value="组件" />
      <item value="组件——" />
      <item value="responsive" />
      <item value="resolve" />
      <item value="表单" />
      <item value="表格" />
      <item value="modified" />
      <item value="thumbnail" />
      <item value="container" />
      <item value="generated source files should not be edited.the changes will be lost when sources are regenerated" />
      <item value="generated source files should not be edited.the changes will be lost when sources are regener" />
    </histories>
    <option name="languageScores">
      <map>
        <entry key="CHINESE" value="66" />
        <entry key="ENGLISH" value="65" />
        <entry key="SPANISH" value="1" />
      </map>
    </option>
  </component>
  <component name="Cache">
    <option name="lastTrimTime" value="1665114365865" />
  </component>
  <component name="Settings">
    <option name="translator" value="YOUDAO" />
    <option name="youdaoTranslateSettings">
      <youdao-translate>
        <option name="appId" value="7e3dfa3f12a4d817" />
        <option name="primaryLanguage" value="ALBANIAN" />
      </youdao-translate>
    </option>
  </component>
</application>