<application>
  <component name="AppStorage">
    <option name="newTranslationDialogCollapseDictViewer" value="false" />
    <option name="newTranslationDialogHeight" value="345" />
    <option name="newTranslationDialogWidth" value="770" />
    <option name="newTranslationDialogX" value="1050" />
    <option name="newTranslationDialogY" value="427" />
    <histories>
      <item value="插件" />
      <item value="Pagination" />
      <item value="分页" />
      <item value="f分页" />
      <item value="f" />
      <item value="fen" />
      <item value="组件_导航条" />
      <item value="组件_导航" />
      <item value="组件_" />
      <item value="组件" />
      <item value="组件——" />
      <item value="responsive" />
      <item value="resolve" />
      <item value="表单" />
      <item value="表格" />
      <item value="modified" />
      <item value="thumbnail" />
      <item value="container" />
      <item value="generated source files should not be edited.the changes will be lost when sources are regenerated" />
      <item value="generated source files should not be edited.the changes will be lost when sources are regener" />
      <item value="generated source files should not be edited.the changes will be lost when sources are regen" />
      <item value="generated source files should not be edited.the changes will be lost when sources are reg" />
      <item value="generated source files should not be edited.the changes will be lost when sources are " />
      <item value="generated source files should not be edited.the changes will be lost when source" />
      <item value="generated source files should not be edited.the changes will be lost when sour" />
      <item value="generated source files should not be edited.the changes will be lost when " />
      <item value="generated source files should not be edited.the changes will be lost wh" />
      <item value="generated source files should not be edited.the changes will be lost" />
      <item value="generated source files should not be edited.the " />
      <item value="generated source files should not be edited." />
      <item value="generated source files should not be edited" />
      <item value="generated source files should not be " />
      <item value="generated source files should " />
      <item value="generated source files shoul" />
      <item value="generated source " />
      <item value="generated sou" />
      <item value="generated " />
      <item value="generated" />
      <item value="gen" />
      <item value="对象" />
      <item value="结果" />
      <item value="Global" />
      <item value="Timezone Offset" />
      <item value="arguments" />
      <item value="trial expires" />
      <item value="trial ex" />
      <item value="trial" />
      <item value="tr" />
      <item value="乘法表" />
      <item value="乘法" />
    </histories>
    <option name="languageScores">
      <map>
        <entry key="CHINESE" value="63" />
        <entry key="ENGLISH" value="62" />
        <entry key="SPANISH" value="1" />
      </map>
    </option>
  </component>
  <component name="Cache">
    <option name="lastTrimTime" value="1664636814822" />
  </component>
  <component name="Settings">
    <option name="translator" value="YOUDAO" />
    <option name="youdaoTranslateSettings">
      <youdao-translate>
        <option name="appId" value="7e3dfa3f12a4d817" />
        <option name="primaryLanguage" value="ALBANIAN" />
      </youdao-translate>
    </option>
  </component>
</application>