<keymap version="1" name="XWin copy" parent="Default for XWin">
  <action id="$EditorTranslateAction">
    <keyboard-shortcut first-keystroke="shift w" />
  </action>
  <action id="$ShowTranslationDialogAction">
    <keyboard-shortcut first-keystroke="shift e" />
  </action>
  <action id="AcceptTabnineInlineCompletionAction">
    <keyboard-shortcut first-keystroke="alt tab" />
  </action>
  <action id="ActivateBookmarksToolWindow">
    <keyboard-shortcut first-keystroke="alt 9" />
  </action>
  <action id="ActivateBuildToolWindow">
    <keyboard-shortcut first-keystroke="shift alt 5" />
  </action>
  <action id="ActivateCommitToolWindow">
    <keyboard-shortcut first-keystroke="alt 3" />
  </action>
  <action id="ActivateDebugToolWindow" />
  <action id="ActivateFindToolWindow" />
  <action id="ActivateProblemsToolWindow">
    <keyboard-shortcut first-keystroke="shift alt 3" />
  </action>
  <action id="ActivateProblemsViewToolWindow">
    <keyboard-shortcut first-keystroke="alt 4" />
  </action>
  <action id="ActivateProfilerToolWindow">
    <keyboard-shortcut first-keystroke="shift alt 4" />
  </action>
  <action id="ActivatePullRequestsToolWindow">
    <keyboard-shortcut first-keystroke="shift alt 2" />
  </action>
  <action id="ActivateReadhubToolWindow">
    <keyboard-shortcut first-keystroke="shift alt 1" />
  </action>
  <action id="ActivateRunToolWindow">
    <keyboard-shortcut first-keystroke="alt 7" />
  </action>
  <action id="ActivateSpringToolWindow">
    <keyboard-shortcut first-keystroke="shift alt 1" />
  </action>
  <action id="ActivateStructureToolWindow">
    <keyboard-shortcut first-keystroke="alt 2" />
  </action>
  <action id="ActivateTODOToolWindow">
    <keyboard-shortcut first-keystroke="alt 5" />
  </action>
  <action id="ActivateTerminalToolWindow">
    <keyboard-shortcut first-keystroke="alt 0" />
  </action>
  <action id="ActivateVersionControlToolWindow">
    <keyboard-shortcut first-keystroke="alt 6" />
  </action>
  <action id="BraceOrQuoteOut" />
  <action id="CheckinProject" />
  <action id="Debug">
    <keyboard-shortcut first-keystroke="shift f9" />
    <keyboard-shortcut first-keystroke="alt d" />
  </action>
  <action id="Editor EditorTranslateAction">
    <keyboard-shortcut first-keystroke="shift w" />
  </action>
  <action id="Editor ShowTranslationDialogAction">
    <keyboard-shortcut first-keystroke="shift e" />
  </action>
  <action id="EditorChooseLookupItemReplace" />
  <action id="EditorIndentLineOrSelection">
    <keyboard-shortcut first-keystroke="ctrl tab" />
  </action>
  <action id="EditorIndentSelection">
    <keyboard-shortcut first-keystroke="ctrl tab" />
  </action>
  <action id="FileChooser.TogglePathBar" />
  <action id="Generate">
    <keyboard-shortcut first-keystroke="shift q" />
  </action>
  <action id="GuiDesigner.IncreaseIndent" />
  <action id="InsertLiveTemplate" />
  <action id="NextParameter" />
  <action id="NextTemplateVariable">
    <keyboard-shortcut first-keystroke="tab" />
  </action>
  <action id="QuickImplementations" />
  <action id="ReformatCode">
    <keyboard-shortcut first-keystroke="shift ctrl i" />
  </action>
  <action id="RunClass">
    <keyboard-shortcut first-keystroke="shift r" />
  </action>
  <action id="RunDashboard.Run">
    <keyboard-shortcut first-keystroke="shift r" />
  </action>
  <action id="RunTargetAction">
    <keyboard-shortcut first-keystroke="shift r" />
  </action>
  <action id="SearchEverywhere.CompleteCommand" />
  <action id="Switcher">
    <keyboard-shortcut first-keystroke="shift ctrl tab" />
  </action>
  <action id="ToggleLineBreakpoint">
    <keyboard-shortcut first-keystroke="shift minus" />
  </action>
  <action id="WebOpenInAction">
    <keyboard-shortcut first-keystroke="shift u" />
  </action>
</keymap>